Title,Link
ORU Sodexo Information,https://oru.sodexomyway.com/en-us/
Spiritual Life Information,https://oru.edu/life-at-oru/spiritual-life/
Student Life: Get Involved,https://oru.edu/life-at-oru/get-involved/
ORU Library Homepage,https://library.oru.edu/library
Stovall Center for Entrepreneurship,https://oru.edu/sc4e/
ORU Health and Wellness,https://oru.edu/life-at-oru/health-and-wellness/
Admissions: International Students,https://oru.edu/admissions/international/
Global Learning Center,https://oru.edu/glc/
Apply to ORU,https://oru.edu/admissions/apply
Admissions: Counselors,https://oru.edu/admissions/connect-with-counselor/
Admissions: Visit Campus,https://oru.edu/admissions/visit-campus/
Campus Visits,https://oru.edu/campus-visitation/
Life at ORU,https://oru.edu/life-at-oru/
ORU IT,https://oru.edu/global-learning-and-innovation/
ORU Athletics,https://oruathletics.com/
ORU Residential Services,https://oru.edu/life-at-oru/housing-and-dining/
ORU Library: Reserve a Space,https://library.oru.edu/groupStudyRoom/groupStudyRoom
ORU Homepage,https://oru.edu/